run,path,case,response_bytes,request_bytes,concurrency,keepalive,responses,errors,elapsed_seconds,requests_per_sec,mean_ms,p50_ms,p95_ms,p99_ms,ttfb_mean_ms,ttfb_p50_ms,ttfb_p95_ms,ttfb_p99_ms,success_rate,response_mbps,request_mbps,total_payload_mbps
"1","direct","latency_c1","1","0","1","keepalive",116277,0,5.001790958,23247.073093693252,0.04240576709925438,0.041333,0.0505,0.073125,0.04234004306096677,0.041291,0.050417000000000003,0.073,1.0,0.185976584749546,0,0.185976584749546
"1","direct","latency_c64","1","0","64","keepalive",458191,0,5.00299175,91583.40107196859,0.6979678685897155,0.67775,0.806125,1.386125,0.6978638861348081,0.6776669999999999,0.805959,1.386042,1.0,0.7326672085757487,0,0.7326672085757487
"1","direct","small_c32","1024","0","32","keepalive",447469,0,5.00108875,89474.31696748034,0.35691550904754704,0.328125,0.64925,0.692417,0.3568108807805739,0.328042,0.649125,0.692333,1.0,732.9736045975989,0,732.9736045975989
"1","direct","small_c128","1024","0","128","keepalive",451745,0,5.002846916,90297.58607149034,1.416242619300706,1.4133749999999998,1.5367499999999998,2.593417,1.4161529520282223,1.413292,1.536625,2.593375,1.0,739.7178250976489,0,739.7178250976489
"1","direct","small_c192","1024","0","192","keepalive",438273,0,5.004110834,87582.59250018842,2.1903385767090082,2.196542,2.334,2.420291,2.1902282475854125,2.1964580000000002,2.333875,2.420125,1.0,717.4765977615435,0,717.4765977615435
"1","direct","medium_c64","65536","0","64","keepalive",310865,0,5.002728542,62139.09017652232,1.0287868625866454,1.033666,1.183708,2.108042,1.0280802001479807,1.032958,1.182917,2.107167,1.0,32578.779310468533,0,32578.779310468533
"1","direct","medium_c192","65536","0","192","keepalive",307381,0,5.005605959,61407.35058206766,3.123866574310072,3.1917500000000003,3.438583,3.719334,3.1230777021221487,3.191,3.4377079999999998,3.718875,1.0,32195.137021971088,0,32195.137021971088
"1","direct","download_1m_c1","1048576","0","1","keepalive",41926,0,5.00046,8384.428632565803,0.11848921194485473,0.116167,0.13245800000000002,0.19525,0.04809749072174779,0.046959,0.054833999999999994,0.091583,1.0,70333.68510257055,0,70333.68510257055
"1","direct","download_1m_c16","1048576","0","16","keepalive",58728,0,5.00403575,11736.127184942674,1.3621252119431917,1.1330419999999999,2.148583,2.7684580000000003,1.2758313123722793,1.052709,2.063333,2.669042,1.0,98449.7703926276,0,98449.7703926276
"1","direct","download_1m_c64","1048576","0","64","keepalive",57827,0,5.007718666,11547.573627212229,5.537002387898338,5.073417,8.062292000000001,11.244666,5.448443178290371,4.988125,7.948042000000001,11.150542,1.0,96868.06850982152,0,96868.06850982152
"1","direct","download_1m_c192","1048576","0","192","keepalive",36352,0,5.02647425,7232.107077838905,26.47939867424081,26.3445,28.453041,29.462875,26.147018759930866,26.193208,28.237499999999997,29.184125,1.0,60667.31129001606,0,60667.31129001606
"1","direct","download_8m_c1","8388608","0","1","keepalive",7839,0,5.001875292,1567.2122038983453,0.6367747199897952,0.621833,0.721292,0.9537089999999999,0.05517071488710289,0.05375,0.063584,0.090209,1.0,105173.83065055432,0,105173.83065055432
"1","direct","download_8m_c16","8388608","0","16","keepalive",6760,0,5.010058666,1349.285597367494,11.846631384023658,10.837333,22.084291999999998,28.880291999999997,9.698690909911221,8.898958,16.799166,23.359375,1.0,90549.02365089391,0,90549.02365089391
"1","direct","upload_1m_c1","1","1048576","1","keepalive",33384,0,5.001825625,6674.363023201153,0.1490830377725864,0.132666,0.25658400000000003,0.44325000000000003,0.14900170809369814,0.132583,0.256542,0.443042,1.0,0.05339490418560922,55988.615051329376,55988.66844623356
"1","direct","upload_1m_c16","1","1048576","16","keepalive",40623,0,5.003571125,8118.801349106435,1.9691105274352072,1.818833,3.057125,4.212042,1.9690304285995617,1.818709,3.057041,4.211792,1.0,0.06495041079285148,68105.44194752503,68105.50689793582
"1","direct","upload_1m_c64","1","1048576","64","keepalive",35960,0,5.010540333,7176.870678629862,8.907567157091147,8.733875000000001,9.586292,16.743291,8.90749052283082,8.733791,9.58625,16.743208,1.0,0.05741496542903889,60203.954789719886,60204.01220468532
"1","direct","upload_1m_c192","1","1048576","192","keepalive",28732,0,5.038440792,5702.557832101642,33.53738138246544,33.529042000000004,34.578625,36.256375,33.5373028853891,33.529,34.578583,36.256334,1.0,0.04562046265681313,47836.52225083049,47836.56787129315
"1","direct","upload_8m_c1","1","8388608","1","keepalive",6028,0,5.001891667,1205.1440537526541,0.8284242709024532,0.739875,1.4809999999999999,1.574083,0.8283031935965484,0.739667,1.480875,1.573792,1.0,0.009641152430021234,80875.84840369556,80875.85804484799
"1","direct","upload_8m_c16","1","8388608","16","keepalive",4901,0,5.007802375,978.6728055537535,16.337618681289502,16.032041,19.227458,20.021833,16.337447108141163,16.031791,19.227166,20.021667,1.0,0.007829382444430029,65677.6202084053,65677.62803778774
"1","direct","round_trip_1m_c16","1048576","1048576","16","keepalive",22042,0,5.004276125,4404.63304770178,3.6296118649850255,3.4715000000000003,6.1742919999999994,7.353417,3.5135877955267194,3.348667,6.053249999999999,7.228415999999999,1.0,36948.74002101553,36948.74002101553,73897.48004203106
"1","direct","round_trip_1m_c64","1048576","1048576","64","keepalive",21382,0,5.016973375,4261.932125561659,14.991226965905946,14.872625000000001,15.701291999999999,24.4995,14.858535609858766,14.764249999999999,15.574167,24.223209,1.0,35751.677923943535,35751.677923943535,71503.35584788707
"1","direct","round_trip_1m_c192","1048576","1048576","192","keepalive",16359,0,5.054084959,3236.7876940550655,58.99072723075975,59.25275,61.801666999999995,81.959542,58.14670097108629,59.01175,61.14025,69.171041,1.0,27152.143144651876,27152.143144651876,54304.28628930375
"1","direct","new_connection","1","0","8","new",2000,0,0.064790917,30868.52436430248,0.256182741,0.242458,0.313125,0.490625,0.2560479299999999,0.242416,0.313042,0.49050000000000005,1.0,0.24694819491441986,0,0.24694819491441986
"2","direct","latency_c1","1","0","1","keepalive",116606,0,5.001516667,23314.12804627169,0.042277062252371225,0.040667,0.0505,0.075916,0.042212380632214885,0.040625,0.050417000000000003,0.07575,1.0,0.1865130243701735,0,0.1865130243701735
"2","direct","latency_c64","1","0","64","keepalive",445082,0,5.002698792,88968.37857033228,0.7184385897385333,0.710833,0.840833,1.443375,0.7183560548258547,0.71075,0.840708,1.4432500000000001,1.0,0.7117470285626583,0,0.7117470285626583
"2","direct","small_c32","1024","0","32","keepalive",430579,0,5.002127583,86079.17188344934,0.3710512217363084,0.34600000000000003,0.683833,0.716583,0.37095417240274,0.345916,0.68375,0.7165,1.0,705.160576069217,0,705.160576069217
"2","direct","small_c128","1024","0","128","keepalive",447361,0,5.004103834,89398.8244129628,1.4305846029693912,1.480667,1.55625,1.712,1.4305106589152707,1.4805840000000001,1.5561660000000002,1.711792,1.0,732.3551695909913,0,732.3551695909913
"2","direct","small_c192","1024","0","192","keepalive",442373,0,5.003054166,88420.589768206,2.1697579540092837,2.248583,2.348042,2.486125,2.169680354822716,2.2485,2.3479579999999998,2.4859999999999998,1.0,724.3414713811436,0,724.3414713811436
"2","direct","medium_c64","65536","0","64","keepalive",292463,0,5.003003834,58457.48068639197,1.093676320809863,1.116333,1.2101250000000001,2.256708,1.0929782139997166,1.115875,1.2094580000000001,2.256458,1.0,30648.555634107073,0,30648.555634107073
"2","direct","medium_c192","65536","0","192","keepalive",288403,0,5.005552458,57616.61723054506,3.3293104139242855,3.438875,3.6154580000000003,4.267375,3.3287145806284264,3.438333,3.614916,4.263167,1.0,30207.701014568007,0,30207.701014568007
"2","direct","download_1m_c1","1048576","0","1","keepalive",41048,0,5.001645708,8206.898768208393,0.1210981028551945,0.11545899999999999,0.16037500000000002,0.223542,0.04724011605924765,0.045708,0.057292,0.108208,1.0,68844.45666218307,0,68844.45666218307
"2","direct","download_1m_c16","1048576","0","16","keepalive",46086,0,5.00252675,9212.544440666908,1.735274029358154,1.677959,2.744292,4.10175,1.6277231102720917,1.568167,2.6312919999999997,3.971042,1.0,77280.42399533396,0,77280.42399533396
"2","direct","download_1m_c64","1048576","0","64","keepalive",45709,0,5.008157208,9126.909979380183,7.005522184908855,6.760167,8.786375000000001,13.885584,6.896811289111598,6.658207999999999,8.659040999999998,13.774667,1.0,76562.07006830844,0,76562.07006830844
"2","direct","download_1m_c192","1048576","0","192","keepalive",48845,0,5.019373916,9731.293348020818,19.68759358611944,18.711875,23.00475,26.179042,19.546203037138014,18.611958,22.8925,25.976833000000003,1.0,81632.00522955421,0,81632.00522955421
"2","direct","download_8m_c1","8388608","0","1","keepalive",7287,0,5.002503541,1456.670633069323,0.6849306777823527,0.638709,0.942375,1.0510000000000002,0.05661111499931378,0.055,0.06983299999999999,0.088458,1.0,97755.5114074431,0,97755.5114074431
"2","direct","download_8m_c16","8388608","0","16","keepalive",6203,0,5.00882175,1238.415002490356,12.908195901176843,11.924583,23.689083,29.78925,10.679600195389343,10.425,18.561042,24.520208,1.0,83108.62397768497,0,83108.62397768497
"2","direct","upload_1m_c1","1","1048576","1","keepalive",34633,0,5.001604375,6924.378140164275,0.14372866710940455,0.12454100000000001,0.25837499999999997,0.467541,0.14365638399792133,0.124459,0.258083,0.467291,1.0,0.055395025121314195,58085.893861607154,58085.94925663228
"2","direct","upload_1m_c16","1","1048576","16","keepalive",40995,0,5.002805334,8194.40239287152,1.951122803780951,1.803458,3.0455,4.1841669999999995,1.9510481251860101,1.80325,3.045458,4.184084,1.0,0.06555521914297216,68739.62946806118,68739.69502328032
"2","direct","upload_1m_c64","1","1048576","64","keepalive",35746,0,5.010672541,7133.972477248738,8.961311499524387,8.794791,9.510207999999999,16.830916000000002,8.961236538605768,8.794667,9.510041000000001,16.830541,1.0,0.0570717798179899,59844.09859442858,59844.1556662084
"2","direct","upload_1m_c192","1","1048576","192","keepalive",28245,0,5.03643375,5608.134922850916,34.10910108107656,34.090042000000004,35.113209,38.476625,34.10902548397946,34.09,35.113167000000004,38.476292,1.0,0.04486507938280733,47044.44547890658,47044.49034398596
"2","direct","upload_8m_c1","1","8388608","1","keepalive",5847,0,5.002292667,1168.8640367990688,0.854029716606807,0.764375,1.5096669999999999,1.635208,0.853902367880963,0.764292,1.509542,1.635,1.0,0.00935091229439255,78441.1376800397,78441.147030952
"2","direct","upload_8m_c16","1","8388608","16","keepalive",4896,0,5.007724125,977.6896406009586,16.356148649101325,16.056125,19.289832999999998,20.371084,16.355975688112736,16.055834,19.28925,20.371,1.0,0.007821517124807668,65611.6411252986,65611.64894681574
"2","direct","round_trip_1m_c16","1048576","1048576","16","keepalive",21811,0,5.004519834,4358.2602774034685,3.6680742994819093,3.505833,6.243917,7.44,3.551110509284326,3.383458,6.1218330000000005,7.314375,1.0,36559.737029108954,36559.737029108954,73119.47405821791
"2","direct","round_trip_1m_c64","1048576","1048576","64","keepalive",21109,0,5.016372334,4208.020975023582,15.183391438438672,15.053833000000001,15.981458,23.612959,15.047241507413956,14.943791999999998,15.841625000000002,22.478082999999998,1.0,35299.43841525062,35299.43841525062,70598.87683050123
"2","direct","round_trip_1m_c192","1048576","1048576","192","keepalive",16149,0,5.054161625,3195.1886778056887,59.764316781596584,59.959667,62.683792000000004,81.934583,58.911918439532,59.752958,62.099333,67.353625,1.0,26803.18530415022,26803.18530415022,53606.37060830044
"2","direct","new_connection","1","0","8","new",2000,0,0.0628805,31806.362862890717,0.24854580150000066,0.241833,0.315333,0.384375,0.24841020149999987,0.241667,0.314833,0.384166,1.0,0.2544509029031257,0,0.2544509029031257
"3","direct","latency_c1","1","0","1","keepalive",118383,0,5.001491916,23669.537407685773,0.041705151567370265,0.040958,0.047833,0.064791,0.04164707196134565,0.040874999999999995,0.04775,0.064625,1.0,0.1893562992614862,0,0.1893562992614862
"3","direct","latency_c64","1","0","64","keepalive",439099,0,5.002537625,87775.25186529706,0.7282980570304071,0.71575,0.8360000000000001,1.4493749999999999,0.7281967503615421,0.715667,0.835917,1.449292,1.0,0.7022020149223764,0,0.7022020149223764
"3","direct","small_c32","1024","0","32","keepalive",429944,0,5.002105,85952.61394952725,0.3715874978462297,0.34633400000000003,0.684709,0.718792,0.3714779876309489,0.34625,0.684625,0.718667,1.0,704.1238134745272,0,704.1238134745272
"3","direct","small_c128","1024","0","128","keepalive",431266,0,5.002341584,86212.82508563694,1.4835633365533398,1.502291,1.584167,2.260542,1.4834681911256897,1.5022080000000002,1.584042,2.2603329999999997,1.0,706.2554631015378,0,706.2554631015378
"3","direct","small_c192","1024","0","192","keepalive",425920,0,5.004091167,85114.35659061804,2.2538909717365208,2.2818330000000002,2.3745,2.4702919999999997,2.2537984398643545,2.2817499999999997,2.374417,2.470167,1.0,697.256809190343,0,697.256809190343
"3","direct","medium_c64","65536","0","64","keepalive",296526,0,5.002803875,59271.96176564087,1.078647657942315,1.104875,1.236458,2.25375,1.077964942217534,1.104292,1.236083,2.253292,1.0,31075.578290184323,0,31075.578290184323
"3","direct","medium_c192","65536","0","192","keepalive",292436,0,5.00542125,58423.85393636949,3.2833155572227923,3.3736669999999997,3.6049160000000002,3.753167,3.2826876133239558,3.372958,3.604375,3.752625,1.0,30630.925532591285,0,30630.925532591285
"3","direct","download_1m_c1","1048576","0","1","keepalive",41355,0,5.000773458,8269.720743666609,0.12015989626405536,0.114708,0.156625,0.228375,0.04719182147261536,0.0455,0.056125,0.1155,1.0,69371.44558808766,0,69371.44558808766
"3","direct","download_1m_c16","1048576","0","16","keepalive",45791,0,5.003810417,9151.226002573789,1.7469061823502547,1.705042,2.7072089999999998,4.1275,1.639351771592692,1.598,2.601042,3.9964579999999996,1.0,76766.0476549985,0,76766.0476549985
"3","direct","download_1m_c64","1048576","0","64","keepalive",45594,0,5.009781666,9100.995420505817,7.024473915142351,6.749292,8.880958,13.889459,6.914262790740022,6.642792,8.7545,13.761959000000001,1.0,76344.68299241846,0,76344.68299241846
"3","direct","download_1m_c192","1048576","0","192","keepalive",48874,0,5.022286208,9731.424689048705,19.68544223836796,19.11125,22.839042,24.209208,19.51157120608097,19.008334,22.702584,23.947416,1.0,81633.10699795147,0,81633.10699795147
"3","direct","download_8m_c1","8388608","0","1","keepalive",7327,0,5.002614209,1464.634228003889,0.6811123656339555,0.638208,0.92775,1.0605,0.05704792179609674,0.054875,0.070166,0.099875,1.0,98289.93921685797,0,98289.93921685797
"3","direct","download_8m_c16","8388608","0","16","keepalive",6104,0,5.013342917,1217.5508639757386,13.134390168250365,12.219000000000001,24.494875,28.832791999999998,10.855145784239841,10.600375,18.055125,25.1205,1.0,81708.45534363034,0,81708.45534363034
"3","direct","upload_1m_c1","1","1048576","1","keepalive",34854,0,5.002106667,6967.864206083314,0.1428390658747934,0.124542,0.253208,0.45849999999999996,0.1427669953233497,0.124459,0.253125,0.45829200000000003,1.0,0.05574291364866651,58450.68142206413,58450.737164977785
"3","direct","upload_1m_c16","1","1048576","16","keepalive",40147,0,5.003422333,8023.907903038895,1.9924923653074569,1.840292,3.1410829999999996,4.257208,1.9924129602211897,1.8402500000000002,3.140958,4.257083,1.0,0.06419126322431117,67309.4180266953,67309.48221795852
"3","direct","upload_1m_c64","1","1048576","64","keepalive",35881,0,5.009543083,7162.529477341557,8.925423760653276,8.769666,9.482000000000001,16.861083999999998,8.925342899612668,8.769582999999999,9.481875,16.861042,1.0,0.057300235818732455,60083.6520738632,60083.709374099024
"3","direct","upload_1m_c192","1","1048576","192","keepalive",28134,0,5.035963375,5586.617277573033,34.24231916225909,34.233959,35.475833,36.478083,34.24224396520218,34.233917000000005,35.475792,36.478042,1.0,0.04469293822058426,46863.94238758736,46863.98708052558
"3","direct","upload_8m_c1","1","8388608","1","keepalive",5890,0,5.0035105,1177.1735064810996,0.848068079796265,0.761541,1.4916669999999999,1.609917,0.8479612258064514,0.761458,1.491542,1.609583,1.0,0.009417388051848797,78998.77675084323,78998.78616823128
"3","direct","upload_8m_c16","1","8388608","16","keepalive",4904,0,5.013183208,978.2207823911629,16.34592831871939,16.088542,19.220375,20.138709000000002,16.345754204323036,16.088375,19.220083,20.1385,1.0,0.007825766259129303,65647.28544746214,65647.2932732284
"3","direct","round_trip_1m_c16","1048576","1048576","16","keepalive",21775,0,5.004046,4351.478783368499,3.674173317428251,3.5114170000000002,6.202708,7.413917,3.5569312635131958,3.3882920000000003,6.10325,7.294208,1.0,36502.84973399525,36502.84973399525,73005.6994679905
"3","direct","round_trip_1m_c64","1048576","1048576","64","keepalive",21147,0,5.017581333,4214.580411665446,15.158906181775192,15.036624999999999,15.970999999999998,23.537458,15.022286974369894,14.92425,15.826625,18.560416999999998,1.0,35354.46295794006,35354.46295794006,70708.92591588011
"3","direct","round_trip_1m_c192","1048576","1048576","192","keepalive",16246,0,5.053558292,3214.7645404067302,59.391296158131176,59.640875,61.551916999999996,84.69375,58.34327680290535,59.457291000000005,61.22775,63.931417,1.0,26967.39954177222,26967.39954177222,53934.79908354444
"3","direct","new_connection","1","0","8","new",2000,0,0.064737292,30894.094241693027,0.2559684765000003,0.24275,0.341542,0.4105,0.2558416975000007,0.242583,0.341417,0.410416,1.0,0.24715275393354422,0,0.24715275393354422
"1","tnld","latency_c1","1","0","1","keepalive",146,0,5.003175333,29.181467824445722,34.24623313698627,33.448625,35.732333,48.618333,34.24535530136985,33.4475,35.730625,48.617,1.0,0.00023345174259556577,0,0.00023345174259556577
"1","tnld","latency_c64","1","0","64","keepalive",7863,0,5.044939,1558.5916896121043,40.86484904552972,38.757583,50.102292,78.537292,40.86437375683586,38.757292,50.101875,78.536709,1.0,0.012468733516896835,0,0.012468733516896835
"1","tnld","small_c32","1024","0","32","keepalive",4155,0,5.040493042,824.3241217433269,38.65099463056568,37.793375,43.739042,47.768625,38.65052739687114,37.793124999999996,43.738708,47.768458,1.0,6.752863205321335,0,6.752863205321335
"1","tnld","small_c128","1024","0","128","keepalive",14360,0,5.070068291,2832.3089898987714,44.83119965508358,41.432875,55.10375,87.034375,44.830767023259135,41.43175,55.103,87.034042,1.0,23.202275245250735,0,23.202275245250735
"1","tnld","small_c192","1024","0","192","keepalive",20865,0,5.054254209,4128.205495253118,46.21977023671207,42.909333000000004,51.004458,78.81883400000001,46.21937037685121,42.908791,51.003958000000004,78.818625,1.0,33.818259417113545,0,33.818259417113545
"1","tnld","medium_c64","65536","0","64","keepalive",1253,0,5.664318041,221.2093302195282,264.02670663367934,221.751584,542.0221250000001,887.162,203.65172451875506,189.226833,381.30016700000004,501.45770899999997,1.0,115.977397322136,0,115.977397322136
"1","tnld","medium_c192","65536","0","192","keepalive",1302,0,5.905839917,220.45975141523635,775.7847422219667,543.0091249999999,2075.9395409999997,2829.52475,482.2521596651311,320.364625,1329.397583,1752.118792,1.0,115.58440214999143,0,115.58440214999143
"1","tnld","download_1m_c1","1048576","0","1","keepalive",46,0,5.024736083,9.154709668360507,109.2009628695652,99.130583,125.03412499999999,465.50849999999997,45.78386410869565,37.666625,42.928917,372.282042,1.0,76.7952707616863,0,76.7952707616863
"1","tnld","download_1m_c16","1048576","0","16","keepalive",75,0,5.499284833,13.638137008278145,1127.4007061199998,1071.384583,1888.1318330000001,2016.6122500000001,219.74637774666667,194.56454200000002,323.517667,577.293042,1.0,114.40498521273811,0,114.40498521273811
"1","tnld","download_1m_c64","1048576","0","64","keepalive",98,0,6.981290209,14.037519866121928,4189.987978336735,4196.162542,6642.015458000001,6979.83075,492.3545892653061,265.01741699999997,1076.752209,2071.362792,1.0,117.75525144910934,0,117.75525144910934
"1","tnld","download_1m_c192","1048576","0","192","keepalive",196,0,13.899424792,14.101302962753568,11236.71868878061,12393.403542,13787.851416000001,13852.008375000001,3068.8837640255106,3858.865125,6761.829374999999,7426.96425,1.0,118.29030284377828,0,118.29030284377828
"1","tnld","download_8m_c1","8388608","0","1","keepalive",9,0,5.145412875,1.7491307731063273,571.637161888889,542.0319999999999,687.9416659999999,687.9416659999999,67.41914355555556,53.050374999999995,157.827708,157.827708,1.0,117.38217917060737,0,117.38217917060737
"1","tnld","download_8m_c16","8388608","0","16","keepalive",16,0,9.932818459,1.6108217487356375,8535.272122437502,8748.68075,9931.474124999999,9931.474124999999,162.200190375,150.20387499999998,285.139584,285.139584,1.0,108.10041766414207,0,108.10041766414207
"1","tnld","upload_1m_c1","1","1048576","1","keepalive",52,0,5.014039083,10.370880469660671,96.39471873076924,90.709666,175.765583,222.817708,96.39384851923076,90.708416,175.76404100000002,222.816875,1.0,8.296704375728537e-05,86.99725087483927,86.99733384188302
"1","tnld","upload_1m_c16","1","1048576","16","keepalive",91,0,5.400676667,16.849740432720484,915.729586,887.998208,1669.2165420000001,3490.0403340000003,915.7287893626376,887.996708,1669.215708,3490.039709,1.0,0.00013479792346176388,141.34586739184252,141.34600218976598
"1","tnld","upload_1m_c64","1","1048576","64","keepalive",86,0,6.70456575,12.827079814975338,4505.611431697673,5043.173834,6607.648542,6703.10075,4505.61029654651,5043.172334,6607.647292000001,6703.099625,1.0,0.0001026166385198027,107.60134435254064,107.60144696917916
"1","tnld","upload_1m_c192","1","1048576","192","keepalive",189,3,14.243726541,13.479618514672804,12063.881719592593,13811.73525,14221.834458,14237.695542000001,12063.879699804229,13811.734375,14221.833999999999,14237.695125,0.984375,0.00010783694811738243,113.0752357091324,113.07534354608052
"1","tnld","upload_8m_c1","1","8388608","1","keepalive",4,0,5.496555209,0.7277285223025584,1373.94220825,1185.7618750000001,2461.317458,2461.317458,1373.9402810000001,1185.7607910000002,2461.312291,2461.312291,1.0,5.8218281784204666e-06,48.83703443212335,48.837040253951535
"1","tnld","upload_8m_c16","1","8388608","16","keepalive",16,0,8.0069735,1.9982581433546642,7033.9574505625005,7357.202541000001,8005.8177080000005,8005.8177080000005,7033.9566041875,7357.202375,8005.816125000001,8005.816125000001,1.0,1.5986065146837315e-05,134.10083397928068,134.10084996534582
"1","tnld","round_trip_1m_c16","1048576","1048576","16","keepalive",46,0,6.337466583,7.25842091592138,1976.0622935217389,1853.6196249999998,3775.540209,4057.630583,1247.53927,1105.36,2205.7214169999997,2534.804792,1.0,60.888047762665416,60.888047762665416,121.77609552533083
"1","tnld","round_trip_1m_c64","1048576","1048576","64","keepalive",68,0,9.8679065,6.891025973948983,6489.831258014703,6564.151,9244.047999999999,9866.9475,5235.800461352941,5707.135125,7812.289792,8622.76125,1.0,57.806115613276226,57.806115613276226,115.61223122655245
"1","tnld","round_trip_1m_c192","1048576","1048576","192","keepalive",192,0,29.490705541,6.510525824248878,23024.237632411463,24505.417125,29091.181207999998,29345.582458,20292.55469837501,20634.606167,27637.031375,28259.460125,1.0,54.61424901350073,54.61424901350073,109.22849802700146
"1","tnld","new_connection","1","0","8","new",2000,0,23.7842425,84.08928726655894,95.07725638300003,93.298833,109.541334,142.86729200000002,95.07656815049991,93.29858300000001,109.541209,142.866625,1.0,0.0006727142981324715,0,0.0006727142981324715
"2","tnld","latency_c1","1","0","1","keepalive",143,0,5.014634417,28.516535425836608,35.047501741258735,34.082125,38.355334,49.243083,35.04675611188811,34.081624999999995,38.354375000000005,49.242416,1.0,0.00022813228340669287,0,0.00022813228340669287
"2","tnld","latency_c64","1","0","64","keepalive",6601,0,5.037504167,1310.3711245029328,48.66487426405097,42.389542000000006,84.52875,123.140125,48.66443557915467,42.389250000000004,84.528375,123.139708,1.0,0.010482968996023462,0,0.010482968996023462
"2","tnld","small_c32","1024","0","32","keepalive",4111,0,5.037474542,816.0835287056027,39.111163702262196,37.958833999999996,45.331208,60.707625,39.110660334955064,37.958542,45.330541000000004,60.707041000000004,1.0,6.685356267156298,0,6.685356267156298
"2","tnld","small_c128","1024","0","128","keepalive",14073,0,5.044439125,2789.804704006612,45.676215155901225,41.525791,60.062667,111.494417,45.67572499260996,41.525,60.06254199999999,111.494417,1.0,22.854080135222166,0,22.854080135222166
"2","tnld","small_c192","1024","0","192","keepalive",20556,0,5.06499575,4058.4436818135537,46.960750945174254,42.948792,54.244291,110.290084,46.96037856100431,42.948458,54.244,110.289625,1.0,33.24677064141663,0,33.24677064141663
"2","tnld","medium_c64","65536","0","64","keepalive",1386,0,5.652368167,245.20695734078853,236.49742186580065,203.771292,357.151084,737.478125,195.29917451515158,183.949916,258.409125,402.271917,1.0,128.55906525028735,0,128.55906525028735
"2","tnld","medium_c192","65536","0","192","keepalive",1395,0,5.76870975,241.8218389302738,733.9764557275986,595.9517079999999,1662.212458,2396.2513329999997,455.20198229534054,315.912667,1203.14325,1630.507625,1.0,126.78428828907539,0,126.78428828907539
"2","tnld","download_1m_c1","1048576","0","1","keepalive",50,0,5.048042125,9.904830182057959,100.93308512,89.721209,194.13074999999998,239.24224999999998,46.83322338000001,42.073,88.261583,120.75099999999999,1.0,83.08773770385285,0,83.08773770385285
"2","tnld","download_1m_c16","1048576","0","16","keepalive",87,0,5.386931583,16.150195832178994,958.9849018045976,867.241625,2078.647125,2662.4159999999997,205.99861158620692,173.37729099999999,335.965958,457.17091700000003,1.0,135.47766195938337,0,135.47766195938337
"2","tnld","download_1m_c64","1048576","0","64","keepalive",112,0,6.421993042,17.44006872438464,3342.6845014553564,2931.9915,6129.445208,6223.000291,521.7299840000003,220.550125,1503.465625,1814.345667,1.0,146.2979000219228,0,146.2979000219228
"2","tnld","download_1m_c192","1048576","0","192","keepalive",201,0,12.964032292,15.50443530783516,10998.171993776117,11874.443541999999,12790.478165999999,12905.663042,2480.7151786815903,2812.426042,4561.166166,5346.048125,1.0,130.0606300587885,0,130.0606300587885
"2","tnld","download_8m_c1","8388608","0","1","keepalive",11,0,5.387308917,2.0418357605758954,489.6571895454545,460.81004199999995,673.305709,673.305709,62.9373750909091,44.702125,167.37854199999998,167.37854199999998,1.0,137.02527836682432,0,137.02527836682432
"2","tnld","download_8m_c16","8388608","0","16","keepalive",16,0,8.514694791,1.8791043475700313,7815.92808325,7902.060708000001,8514.06725,8514.06725,163.64128643750004,163.471791,182.57204099999998,182.57204099999998,1.0,126.10455810288596,0,126.10455810288596
"2","tnld","upload_1m_c1","1","1048576","1","keepalive",57,0,5.039902667,11.309742224432526,88.38395691228068,82.789584,103.20124999999999,259.01075000000003,88.38195182456137,82.788042,103.199958,259.00929099999996,1.0,9.04779377954602e-05,94.87299410181248,94.87308457975028
"2","tnld","upload_1m_c16","1","1048576","16","keepalive",94,0,5.295051958,17.75242259105326,876.6557819148939,850.3185,1492.243625,1778.816666,876.6545217340428,850.276417,1492.242042,1778.815375,1.0,0.0001420193807284261,148.91811416669012,148.91825618607083
"2","tnld","upload_1m_c64","1","1048576","64","keepalive",105,0,5.908850875,17.769952605209387,3399.9251738190487,2991.357333,5791.636334,5866.270375,3399.9244675142854,2991.356416,5791.635958999999,5866.269958,1.0,0.0001421596208416751,149.0651665836803,149.06530874330116
"2","tnld","upload_1m_c192","1","1048576","192","keepalive",192,0,12.979798208,14.79221763876593,10356.954293390627,10310.456541000001,12937.589084000001,12976.538958000001,10356.953630447919,10310.456333,12937.588792,12976.538667,1.0,0.00011833774111012744,124.08611522229299,124.0862335600341
"2","tnld","upload_8m_c1","1","8388608","1","keepalive",11,0,5.43338525,2.024520532572212,493.84888245454545,472.933291,656.523584,656.523584,493.84757954545455,472.932083,656.5226250000001,656.5226250000001,1.0,1.6196164260577696e-05,135.86327308559615,135.8632892817604
"2","tnld","upload_8m_c16","1","8388608","16","keepalive",16,0,7.852222459,2.037639672531341,6565.5001353125,6941.53275,7851.233208,7851.233208,6565.499130187499,6941.532208,7851.231125,7851.231125,1.0,1.6301117380250727e-05,136.7436836649103,136.7436999660277
"2","tnld","round_trip_1m_c16","1048576","1048576","16","keepalive",49,0,5.651464792,8.670318546328476,1764.176999265306,1815.5114999999998,2171.367417,2489.302167,1015.0949481428571,1033.509416,1120.160917,1166.866334,1.0,72.73190352027942,72.73190352027942,145.46380704055883
"2","tnld","round_trip_1m_c64","1048576","1048576","64","keepalive",77,0,8.925131625,8.62732374549154,6157.187102805194,6427.818792,8752.6735,8923.197708,4521.8747213116885,3875.340958,7521.033334,8194.863667,1.0,72.3712369900203,72.3712369900203,144.7424739800406
"2","tnld","round_trip_1m_c192","1048576","1048576","192","keepalive",170,26,21.178019666,9.254878552911435,15011.520338258817,17338.302458000002,20840.145833000002,21115.088833,13105.183161541174,14879.690666,19471.964375,20072.63375,0.8673469387755102,77.63554826798129,77.63554826798129,155.27109653596258
"2","tnld","new_connection","1","0","8","new",2000,0,23.906941625,83.65771044124511,95.29338155349994,93.1705,110.165625,145.380667,95.29275916699983,93.17,110.165375,145.380292,1.0,0.0006692616835299609,0,0.0006692616835299609
"3","tnld","latency_c1","1","0","1","keepalive",135,0,5.009720292,26.94761226801043,37.081900244444455,34.528584,50.153458,82.22675,37.08118237037036,34.527417,50.152916,82.226333,1.0,0.00021558089814408346,0,0.00021558089814408346
"3","tnld","latency_c64","1","0","64","keepalive",6960,0,5.063036917,1374.6690206090789,46.239385805316104,41.586083,71.884208,123.719333,46.23893614324707,41.584708,71.884042,123.71870799999999,1.0,0.010997352164872631,0,0.010997352164872631
"3","tnld","small_c32","1024","0","32","keepalive",3537,0,5.041054666,701.6388899441465,45.44377907266047,42.006583,65.818167,109.24225,45.44325551597403,42.005375,65.818084,109.242166,1.0,5.747825786422448,0,5.747825786422448
"3","tnld","small_c128","1024","0","128","keepalive",12112,0,5.1037205,2373.170709485365,53.32227280630771,45.915458,82.095917,148.54470899999998,53.32182279904225,45.914875,82.095792,148.5445,1.0,19.44101445210411,0,19.44101445210411
"3","tnld","small_c192","1024","0","192","keepalive",17365,0,5.070485625,3424.7212760809275,55.61502077748353,47.652708000000004,83.835916,180.519375,55.61459786420954,47.652541,83.835708,180.516833,1.0,28.05531669365496,0,28.05531669365496
"3","tnld","medium_c64","65536","0","64","keepalive",1018,0,5.846245,174.12886391179296,328.78273493909654,282.63212500000003,599.339667,1080.284292,249.55200915717086,235.046917,369.467292,698.4841250000001,1.0,91.29367380258611,0,91.29367380258611
"3","tnld","medium_c192","65536","0","192","keepalive",1076,0,6.190302875,173.8202510810103,963.8025255102228,653.8374580000001,2610.2964580000003,3690.582375,617.9207729144988,396.2555,1842.220083,2609.052625,1.0,91.13187179876073,0,91.13187179876073
"3","tnld","download_1m_c1","1048576","0","1","keepalive",42,0,5.194463875,8.085531252250743,123.64491969047621,113.548833,159.857125,265.70575,50.34482233333334,43.669083,78.316917,119.722708,1.0,67.8263521468806,0,67.8263521468806
"3","tnld","download_1m_c16","1048576","0","16","keepalive",64,0,5.511377667,11.612341571728477,1325.7788346562497,1331.274709,2172.394166,2614.5157919999997,249.18028904687503,234.500583,512.491584,668.336959,1.0,97.41138140733408,0,97.41138140733408
"3","tnld","download_1m_c64","1048576","0","64","keepalive",84,0,6.482890125,12.957183968932375,4531.612075452378,5208.032125,6413.287833,6481.290125,792.2845194047621,353.966709,2037.765458,2688.365875,1.0,108.69273709925787,0,108.69273709925787
"3","tnld","download_1m_c192","1048576","0","192","keepalive",202,0,13.857952375,14.576468047646902,10112.135740069305,9688.534167,13842.009,13849.663416,2691.895675747525,3067.0874590000003,5272.0726669999995,6218.6028750000005,1.0,122.27627647623518,0,122.27627647623518
"3","tnld","download_8m_c1","8388608","0","1","keepalive",9,0,5.409263791,1.663812368510168,600.9317589999999,557.5590000000001,836.224041,836.224041,58.527087888888886,53.144,125.01337500000001,125.01337500000001,1.0,111.65655795986675,0,111.65655795986675
"3","tnld","download_8m_c16","8388608","0","16","keepalive",17,0,8.571442875,1.9833300236513562,7250.350438764706,7682.2519170000005,8570.427666,8570.427666,205.32177464705882,230.440209,231.74104200000002,231.74104200000002,1.0,133.09902482433566,0,133.09902482433566
"3","tnld","upload_1m_c1","1","1048576","1","keepalive",54,0,5.055868667,10.680657184088203,93.59167285185183,86.143166,194.073833,251.513084,93.59077155555552,86.142458,194.07291600000002,251.51262499999999,1.0,8.544525747270562e-05,89.59584629969977,89.59593174495724
"3","tnld","upload_1m_c16","1","1048576","16","keepalive",91,0,5.576943291,16.317182236164143,932.8928232197801,835.09425,1517.5110410000002,4390.2820409999995,932.8919280219776,835.0934159999999,1517.510125,4390.281375,1.0,0.00013053745788931315,136.87844544374443,136.87857598120232
"3","tnld","upload_1m_c64","1","1048576","64","keepalive",98,0,6.534152042,14.998120547253713,3928.137623357143,3547.160625,6305.354375,6469.645791,3928.1368627142842,3547.160041,6305.353708000001,6469.645458000001,1.0,0.0001199849643780297,125.81335400765687,125.81347399262124
"3","tnld","upload_1m_c192","1","1048576","192","keepalive",192,0,12.969131667,14.804383587880803,10426.247731546875,10891.287291999999,12944.3315,12963.453749999999,10426.246934666664,10891.2865,12944.330292,12963.453540999999,1.0,0.00011843506870304643,124.18817060036561,124.18828903543431
"3","tnld","upload_8m_c1","1","8388608","1","keepalive",10,0,5.182672458,1.9295064623588065,518.1949126000001,505.06604200000004,656.653625,656.653625,518.1940666,505.06458399999997,656.6531249999999,656.6531249999999,1.0,1.543605169887045e-05,129.48698676955826,129.48700220560997
"3","tnld","upload_8m_c16","1","8388608","16","keepalive",16,0,7.31189475,2.1882153049317346,6822.5301822500005,7116.067792,7310.932334,7310.932334,6822.5295129375,7116.067,7310.931667,7310.931667,1.0,1.7505722439453877e-05,146.8486433013823,146.84866080710475
"3","tnld","round_trip_1m_c16","1048576","1048576","16","keepalive",48,0,5.929366375,8.095300064840401,1833.1773611041667,1666.5401669999999,2656.333584,3232.834,1188.7324497083334,1073.862792,2023.122667,2439.248708,1.0,67.90829888632071,67.90829888632071,135.81659777264142
"3","tnld","round_trip_1m_c64","1048576","1048576","64","keepalive",75,0,8.980625375,8.35131150318137,6319.306907213336,6172.2635,8805.366708,8979.453583,4748.2608567199995,4348.077292,7710.431500000001,8125.977625,1.0,70.05587848607927,70.05587848607927,140.11175697215853
"3","tnld","round_trip_1m_c192","1048576","1048576","192","keepalive",171,21,22.435476292,8.557874925457366,15221.243360847953,16014.781167,21439.886416,22323.601666,13784.2580258304,14927.030999999999,20540.046958000003,21738.474791,0.890625,71.78865806269106,71.78865806269106,143.5773161253821
"3","tnld","new_connection","1","0","8","new",1984,16,34.235197833,58.41940828722653,97.52094830745958,92.243167,115.77741599999999,227.619292,97.52007233719763,92.24279200000001,115.777125,227.618,0.992,0.0004673552662978122,0,0.0004673552662978122
"1","cloudflare","latency_c1","1","0","1","keepalive",159,0,5.008758583,31.744392820140042,31.47597399371069,28.770459000000002,42.91825,87.69375,31.47516716352202,28.77,42.917375,87.692667,1.0,0.00025395514256112034,0,0.00025395514256112034
"1","cloudflare","latency_c64","1","0","64","keepalive",8568,0,5.063122792,1692.2362644528177,37.538258637021414,34.529916,57.944083,84.486541,37.53762043113918,34.529790999999996,57.943208000000006,84.485041,1.0,0.013537890115622541,0,0.013537890115622541
"1","cloudflare","small_c32","1024","0","32","keepalive",3719,0,5.076795208,732.5487532251863,43.21084063431027,36.945208,78.462292,123.298667,43.210357840548554,36.945125000000004,78.462167,123.2985,1.0,6.001039386420726,0,6.001039386420726
"1","cloudflare","small_c128","1024","0","128","keepalive",16542,0,5.0445775,3279.1646079379293,38.839773739390616,35.856249999999996,52.814583999999996,99.477833,38.83950219042426,35.856084,52.814,99.477792,1.0,26.862916468227517,0,26.862916468227517
"1","cloudflare","small_c192","1024","0","192","keepalive",23246,0,5.097894542,4559.921710518585,41.48117921375702,37.7655,65.871791,107.256084,41.480933704465386,37.765083999999995,65.87166599999999,107.256042,1.0,37.35487865256825,0,37.35487865256825
"1","cloudflare","medium_c64","65536","0","64","keepalive",833,0,5.556883625,149.90416503458806,399.7811677803121,385.277875,599.444209,660.865667,388.3440898607441,377.90745799999996,532.85625,597.176708,1.0,78.59295487765411,0,78.59295487765411
"1","cloudflare","medium_c192","65536","0","192","keepalive",769,0,6.063971583,126.81457844490035,1374.1046079154755,1402.3002079999999,1545.998958,1665.192708,1350.1858186319905,1377.851333,1520.564375,1561.343833,1.0,66.48736170371991,0,66.48736170371991
"1","cloudflare","download_1m_c1","1048576","0","1","keepalive",35,0,5.063869875,6.911709989388304,144.64490239999998,134.550875,250.532084,257.115792,76.82978091428572,68.538375,153.61741700000002,178.466666,1.0,57.97962571066264,0,57.97962571066264
"1","cloudflare","download_1m_c16","1048576","0","16","keepalive",64,0,6.797810875,9.414795612418388,1633.6839628437501,1632.08025,1928.160458,1961.772,746.6569472656248,769.624042,938.9144160000001,1043.897584,1.0,78.97702979269779,0,78.97702979269779
"1","cloudflare","download_1m_c64","1048576","0","64","keepalive",64,0,7.035314583,9.096963503899083,6719.206165359375,6808.280417,6977.394333,7034.253334,3150.0594049374986,3151.693666,3443.6636670000003,3741.232458,1.0,76.31086082451588,0,76.31086082451588
"1","cloudflare","download_1m_c192","1048576","0","192","keepalive",192,0,21.512930833,8.924864840149045,19074.93571898438,19696.641875,20453.424458,21310.206333,8909.97871160937,8996.251125,10014.07,10215.525834,1.0,74.867192596993,0,74.867192596993
"1","cloudflare","download_8m_c1","8388608","0","1","keepalive",6,0,5.9448845,1.0092710800352809,990.6356113333334,992.784,1152.711917,1152.711917,129.58774333333335,163.09575,213.152375,213.152375,1.0,67.73103564922079,0,67.73103564922079
"1","cloudflare","download_8m_c16","8388608","0","16","keepalive",16,0,12.024198292,1.330650045138161,11938.3059270625,12019.677208,12023.597708000001,12023.597708000001,736.103992125,768.777375,809.210375,809.210375,1.0,89.29841291077071,0,89.29841291077071
"1","cloudflare","upload_1m_c1","1","1048576","1","keepalive",27,0,5.010519875,5.3886623890499985,185.52968214814817,158.67937500000002,305.000625,582.7565,185.528304,158.677791,304.995875,582.7552499999999,1.0,4.3109299112399986e-05,45.20337642608393,45.20341953538305
"1","cloudflare","upload_1m_c16","1","1048576","16","keepalive",54,0,5.333229958,10.125196255413368,1529.9087561296294,1648.9980420000002,1906.5784159999998,1921.523209,1529.9079544444442,1648.997625,1906.577875,1921.5227499999999,1.0,8.100157004330694e-05,84.93630230973062,84.93638331130066
"1","cloudflare","upload_1m_c64","1","1048576","64","keepalive",64,0,6.738219583,9.498057938252263,6699.765002593749,6707.987625000001,6715.588708,6736.886666,6699.76463540625,6707.9875,6715.588583,6736.885208000001,1.0,7.59844635060181e-05,79.67548480528643,79.67556078974995
"1","cloudflare","upload_1m_c192","1","1048576","192","keepalive",192,0,19.146700708,10.027837324462762,19089.688998489604,19124.087083,19142.408208999997,19144.314333000002,19089.688765421863,19124.086833,19142.408,19144.31425,1.0,8.02226985957021e-05,84.11959640268692,84.11967662538552
"1","cloudflare","upload_8m_c1","1","8388608","1","keepalive",6,0,5.069039791,1.1836561256932536,844.7749233333334,860.218416,948.0066660000001,948.0066660000001,844.7743403333333,860.218125,948.00475,948.00475,1.0,9.46924900554603e-06,79.43381796191547,79.43382743116447
"1","cloudflare","upload_8m_c16","1","8388608","16","keepalive",16,0,10.567848708,1.5140262168862988,10530.648500062498,10551.761166,10567.221875,10567.221875,10530.648140625,10551.760916,10567.22175,10567.22175,1.0,1.211220973509039e-05,101.60457948145712,101.60459159366687
"1","cloudflare","round_trip_1m_c16","1048576","1048576","16","keepalive",35,0,6.245322458,5.604194216611897,2838.476296485714,3043.311792,3221.522708,3244.83175,1398.8831762857144,1513.017959,1616.604167,1628.433375,1.0,47.011388439024294,47.011388439024294,94.02277687804859
"1","cloudflare","round_trip_1m_c64","1048576","1048576","64","keepalive",64,0,11.249217709,5.689284504539053,11099.033509718749,11232.189458,11247.456417000001,11248.029666,6165.06675975,6183.181458,6197.308208,6198.357417,1.0,47.72517750905234,47.72517750905234,95.45035501810467
"1","cloudflare","round_trip_1m_c192","1048576","1048576","192","keepalive",192,0,31.717103334,6.053516236275601,31150.320610697923,31663.024375,31709.657292,31714.992542,16730.181310765645,16791.744542,16852.147458,16855.832458999997,1.0,50.7805747277514,50.7805747277514,101.5611494555028
"1","cloudflare","new_connection","1","0","8","new",2000,0,16.596647292,120.50626640502568,66.26069277750014,64.564666,84.63229199999999,148.254166,66.26008069650008,64.564208,84.63154200000001,148.253583,1.0,0.0009640501312402055,0,0.0009640501312402055
"2","cloudflare","latency_c1","1","0","1","keepalive",173,0,5.054956625,34.223834709956584,29.199112687861266,28.003625,34.220458,67.72937499999999,29.19834750289016,28.003166999999998,34.219541,67.728334,1.0,0.0002737906776796527,0,0.0002737906776796527
"2","cloudflare","latency_c64","1","0","64","keepalive",8968,0,5.05273125,1774.881654352782,35.8118023778992,34.184291,44.266666,80.795667,35.811248204616234,34.184208,44.265208,80.7955,1.0,0.014199053234822257,0,0.014199053234822257
"2","cloudflare","small_c32","1024","0","32","keepalive",4083,0,5.060652208,806.8130019971529,39.34981507886356,34.251042000000005,82.82362499999999,118.80875,39.349330528287936,34.250459,82.823458,118.80737500000001,1.0,6.609412112360677,0,6.609412112360677
"2","cloudflare","small_c128","1024","0","128","keepalive",17084,0,5.179230833,3298.559294007045,37.61558504875893,35.260875,47.553459,94.511709,37.61531544503622,35.26075,47.553417,94.51166699999999,1.0,27.021797736505714,0,27.021797736505714
"2","cloudflare","small_c192","1024","0","192","keepalive",24171,0,5.076067875,4761.756657952491,39.885653229117594,37.044708,52.036208,102.30024999999999,39.88540836229351,37.042709,52.036,102.30004199999999,1.0,39.008310541946805,0,39.008310541946805
"2","cloudflare","medium_c64","65536","0","64","keepalive",664,0,5.260408083,126.22594854301155,495.9135284728916,489.336708,623.6529159999999,646.431833,489.09360088704824,484.04625,608.3605,636.144042,1.0,66.17875010971844,0,66.17875010971844
"2","cloudflare","medium_c192","65536","0","192","keepalive",768,0,5.733533042,133.94882254521767,1358.3614622773432,1361.5240410000001,1548.625125,1605.252917,1335.8042966380199,1346.594959,1500.462541,1539.5108340000002,1.0,70.22776027458708,0,70.22776027458708
"2","cloudflare","download_1m_c1","1048576","0","1","keepalive",37,0,5.094986792,7.2620404155112475,137.66469708108107,136.004792,169.24949999999998,229.860458,71.51653486486485,67.61658399999999,94.815541,172.17112500000002,1.0,60.91841032588098,0,60.91841032588098
"2","cloudflare","download_1m_c16","1048576","0","16","keepalive",68,0,5.5223355,12.313630709325793,1253.9746629558826,1245.455041,1497.6974579999999,1572.700041,588.3107322352937,598.616,694.33275,719.478334,1.0,103.29422107729602,0,103.29422107729602
"2","cloudflare","download_1m_c64","1048576","0","64","keepalive",73,0,6.145780417,11.878068373232606,4728.610506917808,5246.148292,5474.754666,5529.510375,2105.276860739727,2257.7281249999996,2509.457625,2618.3439169999997,1.0,99.64045938024603,0,99.64045938024603
"2","cloudflare","download_1m_c192","1048576","0","192","keepalive",192,0,23.314744667,8.235132005188088,20013.723057932293,20558.342125,21348.336124999998,22755.325875000002,8832.356957057304,8973.668249999999,9720.814041000001,9968.694667,1.0,69.08129421977684,0,69.08129421977684
"2","cloudflare","download_8m_c1","8388608","0","1","keepalive",5,0,5.12562675,0.975490460751946,1024.9901748000002,977.1711250000001,1197.197208,1197.197208,140.6903414,158.55474999999998,162.114916,162.114916,1.0,65.46405666389968,0,65.46405666389968
"2","cloudflare","download_8m_c16","8388608","0","16","keepalive",16,0,16.350696584,0.9785515814449657,16210.899262937502,16278.141749999999,16350.162833999999,16350.162833999999,783.7752343125,781.675542,884.2481250000001,884.2481250000001,1.0,65.66948499617513,0,65.66948499617513
"2","cloudflare","upload_1m_c1","1","1048576","1","keepalive",24,0,5.031823583,4.769642576715909,209.61418379166665,191.625875,308.31879200000003,532.663833,209.61327937499996,191.625083,308.318042,532.66275,1.0,3.8157140613727273e-05,40.01066187617969,40.0107000333203
"2","cloudflare","upload_1m_c16","1","1048576","16","keepalive",52,0,5.288421541,9.832801639743566,1577.7517172115383,1630.611625,1897.377584,1924.9544589999998,1577.751154653846,1630.6104169999999,1897.37725,1924.954,1.0,7.866241311794853e-05,82.483518497566,82.48359715997913
"2","cloudflare","upload_1m_c64","1","1048576","64","keepalive",64,0,6.309678834,10.143147010135129,6295.068988890626,6300.918624999999,6308.16825,6308.781,6295.068706343749,6300.918459,6308.167917000001,6308.780709,1.0,8.114517608108103e-05,85.08688415439562,85.0869652995717
"2","cloudflare","upload_1m_c192","1","1048576","192","keepalive",192,0,14.925181416000001,12.864165241849143,14883.428693322914,14889.169125,14921.224708,14922.995416,14883.428478505213,14889.168833,14921.224625,14922.994916,1.0,0.00010291332193479315,107.91243946109766,107.9125423744196
"2","cloudflare","upload_8m_c1","1","8388608","1","keepalive",8,0,5.5602466249999996,1.438785100651898,694.96272925,706.56475,737.3060409999999,737.3060409999999,694.9618542499999,706.564375,737.305458,737.305458,1.0,1.1510280805215184e-05,96.55523364487453,96.55524515515533
"2","cloudflare","upload_8m_c16","1","8388608","16","keepalive",16,0,10.469625959,1.5282303362753782,10459.378242375002,10468.619208,10469.048125000001,10469.048125000001,10459.377635499999,10468.618042,10469.047916,10469.047916,1.0,1.2225842690203026e-05,102.55780179777862,102.5578140236213
"2","cloudflare","round_trip_1m_c16","1048576","1048576","16","keepalive",33,0,6.508929667,5.069957994370197,3101.621935636363,2990.4190000000003,3571.1645829999998,3571.660042,1455.0275947272726,1372.0433329999998,1704.3789160000001,1709.750625,1.0,42.52989019123779,42.52989019123779,85.05978038247558
"2","cloudflare","round_trip_1m_c64","1048576","1048576","64","keepalive",64,0,10.556499375,6.062615809135119,10428.129427015623,10542.680750000001,10553.843917,10555.517417000001,5914.6212858125,5927.846875,5946.811833,5948.054542,1.0,50.85690747743733,50.85690747743733,101.71381495487466
"2","cloudflare","round_trip_1m_c192","1048576","1048576","192","keepalive",192,0,30.130345708,6.372313210764837,30009.556321817705,30097.284917,30126.839333,30128.671333,15496.437417947911,15518.157916,15562.293875,15566.634791,1.0,53.4548375783276,53.4548375783276,106.9096751566552
"2","cloudflare","new_connection","1","0","8","new",2000,0,16.666857292,119.99862751329785,66.55441577050003,64.57558300000001,86.84725,130.617041,66.55371085950006,64.574333,86.847,130.61666599999998,1.0,0.0009599890201063828,0,0.0009599890201063828
"3","cloudflare","latency_c1","1","0","1","keepalive",176,0,5.009312083,35.134564803276604,28.440399874999997,27.900416,32.049958000000004,46.739000000000004,28.439495755681826,27.898958,32.048792,46.738375,1.0,0.0002810765184262128,0,0.0002810765184262128
"3","cloudflare","latency_c64","1","0","64","keepalive",8925,0,5.040507041,1770.655199447821,35.98096155350143,33.939333000000005,45.721,89.086,35.98054190274504,33.939,45.720749999999995,89.08566699999999,1.0,0.014165241595582568,0,0.014165241595582568
"3","cloudflare","small_c32","1024","0","32","keepalive",4150,0,5.066627958,819.0852050716135,38.732056414939635,33.990041999999995,80.926334,114.064375,38.73162629855422,33.989208,80.925917,114.063708,1.0,6.709945999946657,0,6.709945999946657
"3","cloudflare","small_c128","1024","0","128","keepalive",16734,0,5.075876375,3296.7705995400647,38.405621169296026,35.771959,51.40325,92.938125,38.40533478702065,35.771875,51.402958,92.937958,1.0,27.00714475143221,0,27.00714475143221
"3","cloudflare","small_c192","1024","0","192","keepalive",23773,0,5.08298175,4676.979215988726,40.53670815976092,37.297292000000006,56.404167,103.081459,40.53644963883413,37.297167,56.404084,103.08120899999999,1.0,38.31381373737964,0,38.31381373737964
"3","cloudflare","medium_c64","65536","0","64","keepalive",799,0,5.232297625,152.70538055449396,411.2345326458076,375.296584,662.967667,761.152,403.0033935569459,369.98675,610.6733330000001,704.143583,1.0,80.06159856015452,0,80.06159856015452
"3","cloudflare","medium_c192","65536","0","192","keepalive",980,0,5.81313975,168.58359546577216,1034.5512170244904,1030.535875,1217.408833,1320.132875,1020.3900497632648,1018.728834,1210.5348330000002,1280.114625,1.0,88.38635609955875,0,88.38635609955875
"3","cloudflare","download_1m_c1","1048576","0","1","keepalive",36,0,5.059536208,7.115276681502504,140.5093368333333,135.50695900000002,163.05766699999998,218.333292,75.05899536111109,71.602958,94.125792,172.315583,1.0,59.687266892665356,0,59.687266892665356
"3","cloudflare","download_1m_c16","1048576","0","16","keepalive",55,0,5.7005268749999995,9.648230980403895,1540.2782219090907,1582.8262909999999,1858.840083,1897.342292,723.3822143636364,752.613208,834.7337500000001,847.327042,1.0,80.93522758806395,0,80.93522758806395
"3","cloudflare","download_1m_c64","1048576","0","64","keepalive",64,0,7.375444,8.677443690169703,7101.121143843749,7196.86,7332.631917,7373.877208,2968.734702453125,3004.770583,3310.4830829999996,3324.317,1.0,72.79167355890709,0,72.79167355890709
"3","cloudflare","download_1m_c192","1048576","0","192","keepalive",192,0,24.215341667,7.928857772907342,21627.579190578115,22057.983125,23016.617458,23730.506292000002,10781.359813578118,10873.279292,11986.835125000001,12138.295125,1.0,66.51207974467272,0,66.51207974467272
"3","cloudflare","download_8m_c1","8388608","0","1","keepalive",7,0,5.811685541,1.2044698479669513,830.1476011428572,826.227042,1079.495584,1079.495584,82.33729757142858,71.32883299999999,120.572375,120.572375,1.0,80.83060321931481,0,80.83060321931481
"3","cloudflare","download_8m_c16","8388608","0","16","keepalive",16,0,14.974426209,1.0684883531886922,14856.237880249999,14868.712042000001,14973.11175,14973.11175,667.881239625,704.076,750.250125,750.250125,1.0,71.70503957972392,0,71.70503957972392
"3","cloudflare","upload_1m_c1","1","1048576","1","keepalive",25,0,5.133193709,4.870262339051736,205.29376824,171.337083,286.282333,541.2295,205.29302668,171.3365,286.281542,541.228916,1.0,3.896209871241389e-05,40.85472161946811,40.854760581566815
"3","cloudflare","upload_1m_c16","1","1048576","16","keepalive",48,0,5.333147,9.000314448486044,1740.7316631458332,1676.8120410000001,2297.2944169999996,3084.4038330000003,1740.7312169375,1676.8114999999998,2297.294125,3084.403542,1.0,7.200251558788835e-05,75.50010978508561,75.5001817876012
"3","cloudflare","upload_1m_c64","1","1048576","64","keepalive",64,0,5.57070575,11.488669994820674,5535.81938084375,5546.339792000001,5560.7215,5569.55375,5535.818987015625,5546.339584,5560.720708,5569.553709,1.0,9.190935995856539e-05,96.37394902791266,96.37404093727262
"3","cloudflare","upload_1m_c192","1","1048576","192","keepalive",192,0,15.336725375,12.51896968260084,15290.10392298437,15308.037084,15333.667459,15335.524834,15290.103643468748,15308.036709,15333.666959,15335.524625,1.0,0.00010015175746080672,105.01672923122287,105.01682938298033
"3","cloudflare","upload_8m_c1","1","8388608","1","keepalive",9,0,5.056804708,1.7797800230967513,561.8202731111112,542.10725,623.702667,623.702667,561.8195416666667,542.1069170000001,623.7023750000001,623.7023750000001,1.0,1.423824018477401e-05,119.43901551991674,119.43902975815692
"3","cloudflare","upload_8m_c16","1","8388608","16","keepalive",16,0,8.893268833,1.7991134981357197,8819.381859124998,8872.706708000002,8892.736833,8892.736833,8819.379989374998,8872.705957999999,8892.736583,8892.736583,1.0,1.4392907985085758e-05,120.73646306695427,120.73647745986226
"3","cloudflare","round_trip_1m_c16","1048576","1048576","16","keepalive",36,0,5.544622375,6.492777607780728,2451.000799777778,2745.545333,2771.335541,2771.7803750000003,1321.817032388889,1414.430666,1559.746,1560.7185000000002,1.0,54.46536618285028,54.46536618285028,108.93073236570056
"3","cloudflare","round_trip_1m_c64","1048576","1048576","64","keepalive",64,0,10.239864583,6.25008265307057,10012.284648453124,10218.581041,10232.550292,10238.425167000001,5931.5078261875005,5948.652,5980.61025,5991.78925,1.0,52.42949334420901,52.42949334420901,104.85898668841801
"3","cloudflare","round_trip_1m_c192","1048576","1048576","192","keepalive",192,0,29.099934833,6.597952919889964,28834.66470660418,29058.327542,29096.6885,29098.631708999997,17370.459024114574,17448.854541,17533.389209,17600.357083,1.0,55.347640647412305,55.347640647412305,110.69528129482461
"3","cloudflare","new_connection","1","0","8","new",2000,0,16.390663,122.02068946204312,65.38835853900002,63.93899999999999,84.068666,105.629209,65.38772382950012,63.938708,84.067166,105.629,1.0,0.000976165515696345,0,0.000976165515696345
